east_m,north_m,elevation_egm96_m,latitude,longitude
-250.0000,-250.0000,31.000,37.56501949,127.00296278
-218.7500,-250.0000,30.000,37.56501949,127.00331650
-187.5000,-250.0000,31.000,37.56501949,127.00367023
-156.2500,-250.0000,31.000,37.56501949,127.00402395
-125.0000,-250.0000,30.000,37.56501949,127.00437767
-93.7500,-250.0000,34.000,37.56501949,127.00473139
-62.5000,-250.0000,39.000,37.56501949,127.00508512
-31.2500,-250.0000,41.000,37.56501949,127.00543884
0.0000,-250.0000,38.000,37.56501949,127.00579256
31.2500,-250.0000,34.000,37.56501949,127.00614628
62.5000,-250.0000,31.000,37.56501949,127.00650001
93.7500,-250.0000,30.000,37.56501949,127.00685373
125.0000,-250.0000,30.000,37.56501949,127.00720745
156.2500,-250.0000,31.000,37.56501949,127.00756118
187.5000,-250.0000,32.000,37.56501949,127.00791490
218.7500,-250.0000,36.000,37.56501949,127.00826862
250.0000,-250.0000,37.000,37.56501949,127.00862234
-250.0000,-218.7500,30.000,37.56530106,127.00296278
-218.7500,-218.7500,29.000,37.56530106,127.00331650
-187.5000,-218.7500,30.000,37.56530106,127.00367023
-156.2500,-218.7500,32.000,37.56530106,127.00402395
-125.0000,-218.7500,32.000,37.56530106,127.00437767
-93.7500,-218.7500,32.000,37.56530106,127.00473139
-62.5000,-218.7500,35.000,37.56530106,127.00508512
-31.2500,-218.7500,37.000,37.56530106,127.00543884
0.0000,-218.7500,37.000,37.56530106,127.00579256
31.2500,-218.7500,35.000,37.56530106,127.00614628
62.5000,-218.7500,33.000,37.56530106,127.00650001
93.7500,-218.7500,32.000,37.56530106,127.00685373
125.0000,-218.7500,31.000,37.56530106,127.00720745
156.2500,-218.7500,29.000,37.56530106,127.00756118
187.5000,-218.7500,31.000,37.56530106,127.00791490
218.7500,-218.7500,34.000,37.56530106,127.00826862
250.0000,-218.7500,38.000,37.56530106,127.00862234
-250.0000,-187.5000,28.000,37.56558262,127.00296278
-218.7500,-187.5000,29.000,37.56558262,127.00331650
-187.5000,-187.5000,31.000,37.56558262,127.00367023
-156.2500,-187.5000,32.000,37.56558262,127.00402395
-125.0000,-187.5000,31.000,37.56558262,127.00437767
-93.7500,-187.5000,29.000,37.56558262,127.00473139
-62.5000,-187.5000,27.000,37.56558262,127.00508512
-31.2500,-187.5000,30.000,37.56558262,127.00543884
0.0000,-187.5000,33.000,37.56558262,127.00579256
31.2500,-187.5000,32.000,37.56558262,127.00614628
62.5000,-187.5000,33.000,37.56558262,127.00650001
93.7500,-187.5000,33.000,37.56558262,127.00685373
125.0000,-187.5000,32.000,37.56558262,127.00720745
156.2500,-187.5000,30.000,37.56558262,127.00756118
187.5000,-187.5000,28.000,37.56558262,127.00791490
218.7500,-187.5000,29.000,37.56558262,127.00826862
250.0000,-187.5000,32.000,37.56558262,127.00862234
-250.0000,-156.2500,28.000,37.56586418,127.00296278
-218.7500,-156.2500,30.000,37.56586418,127.00331650
-187.5000,-156.2500,33.000,37.56586418,127.00367023
-156.2500,-156.2500,34.000,37.56586418,127.00402395
-125.0000,-156.2500,34.000,37.56586418,127.00437767
-93.7500,-156.2500,35.000,37.56586418,127.00473139
-62.5000,-156.2500,32.000,37.56586418,127.00508512
-31.2500,-156.2500,31.000,37.56586418,127.00543884
0.0000,-156.2500,31.000,37.56586418,127.00579256
31.2500,-156.2500,32.000,37.56586418,127.00614628
62.5000,-156.2500,32.000,37.56586418,127.00650001
93.7500,-156.2500,32.000,37.56586418,127.00685373
125.0000,-156.2500,34.000,37.56586418,127.00720745
156.2500,-156.2500,32.000,37.56586418,127.00756118
187.5000,-156.2500,28.000,37.56586418,127.00791490
218.7500,-156.2500,27.000,37.56586418,127.00826862
250.0000,-156.2500,28.000,37.56586418,127.00862234
-250.0000,-125.0000,29.000,37.56614574,127.00296278
-218.7500,-125.0000,30.000,37.56614574,127.00331650
-187.5000,-125.0000,32.000,37.56614574,127.00367023
-156.2500,-125.0000,36.000,37.56614574,127.00402395
-125.0000,-125.0000,42.000,37.56614574,127.00437767
-93.7500,-125.0000,47.000,37.56614574,127.00473139
-62.5000,-125.0000,40.000,37.56614574,127.00508512
-31.2500,-125.0000,32.000,37.56614574,127.00543884
0.0000,-125.0000,29.000,37.56614574,127.00579256
31.2500,-125.0000,29.000,37.56614574,127.00614628
62.5000,-125.0000,29.000,37.56614574,127.00650001
93.7500,-125.0000,29.000,37.56614574,127.00685373
125.0000,-125.0000,32.000,37.56614574,127.00720745
156.2500,-125.0000,32.000,37.56614574,127.00756118
187.5000,-125.0000,29.000,37.56614574,127.00791490
218.7500,-125.0000,26.000,37.56614574,127.00826862
250.0000,-125.0000,27.000,37.56614574,127.00862234
-250.0000,-93.7500,29.000,37.56642730,127.00296278
-218.7500,-93.7500,30.000,37.56642730,127.00331650
-187.5000,-93.7500,32.000,37.56642730,127.00367023
-156.2500,-93.7500,37.000,37.56642730,127.00402395
-125.0000,-93.7500,41.000,37.56642730,127.00437767
-93.7500,-93.7500,43.000,37.56642730,127.00473139
-62.5000,-93.7500,38.000,37.56642730,127.00508512
-31.2500,-93.7500,30.000,37.56642730,127.00543884
0.0000,-93.7500,25.000,37.56642730,127.00579256
31.2500,-93.7500,27.000,37.56642730,127.00614628
62.5000,-93.7500,27.000,37.56642730,127.00650001
93.7500,-93.7500,27.000,37.56642730,127.00685373
125.0000,-93.7500,28.000,37.56642730,127.00720745
156.2500,-93.7500,30.000,37.56642730,127.00756118
187.5000,-93.7500,29.000,37.56642730,127.00791490
218.7500,-93.7500,27.000,37.56642730,127.00826862
250.0000,-93.7500,26.000,37.56642730,127.00862234
-250.0000,-62.5000,28.000,37.56670886,127.00296278
-218.7500,-62.5000,29.000,37.56670886,127.00331650
-187.5000,-62.5000,30.000,37.56670886,127.00367023
-156.2500,-62.5000,32.000,37.56670886,127.00402395
-125.0000,-62.5000,34.000,37.56670886,127.00437767
-93.7500,-62.5000,34.000,37.56670886,127.00473139
-62.5000,-62.5000,31.000,37.56670886,127.00508512
-31.2500,-62.5000,27.000,37.56670886,127.00543884
0.0000,-62.5000,24.000,37.56670886,127.00579256
31.2500,-62.5000,27.000,37.56670886,127.00614628
62.5000,-62.5000,28.000,37.56670886,127.00650001
93.7500,-62.5000,27.000,37.56670886,127.00685373
125.0000,-62.5000,27.000,37.56670886,127.00720745
156.2500,-62.5000,29.000,37.56670886,127.00756118
187.5000,-62.5000,30.000,37.56670886,127.00791490
218.7500,-62.5000,29.000,37.56670886,127.00826862
250.0000,-62.5000,25.000,37.56670886,127.00862234
-250.0000,-31.2500,28.000,37.56699042,127.00296278
-218.7500,-31.2500,29.000,37.56699042,127.00331650
-187.5000,-31.2500,29.000,37.56699042,127.00367023
-156.2500,-31.2500,29.000,37.56699042,127.00402395
-125.0000,-31.2500,30.000,37.56699042,127.00437767
-93.7500,-31.2500,31.000,37.56699042,127.00473139
-62.5000,-31.2500,29.000,37.56699042,127.00508512
-31.2500,-31.2500,27.000,37.56699042,127.00543884
0.0000,-31.2500,28.000,37.56699042,127.00579256
31.2500,-31.2500,30.000,37.56699042,127.00614628
62.5000,-31.2500,30.000,37.56699042,127.00650001
93.7500,-31.2500,30.000,37.56699042,127.00685373
125.0000,-31.2500,30.000,37.56699042,127.00720745
156.2500,-31.2500,31.000,37.56699042,127.00756118
187.5000,-31.2500,33.000,37.56699042,127.00791490
218.7500,-31.2500,32.000,37.56699042,127.00826862
250.0000,-31.2500,30.000,37.56699042,127.00862234
-250.0000,0.0000,28.000,37.56727198,127.00296278
-218.7500,0.0000,29.000,37.56727198,127.00331650
-187.5000,0.0000,30.000,37.56727198,127.00367023
-156.2500,0.0000,30.000,37.56727198,127.00402395
-125.0000,0.0000,32.000,37.56727198,127.00437767
-93.7500,0.0000,31.000,37.56727198,127.00473139
-62.5000,0.0000,29.000,37.56727198,127.00508512
-31.2500,0.0000,30.000,37.56727198,127.00543884
0.0000,0.0000,32.000,37.56727198,127.00579256
31.2500,0.0000,33.000,37.56727198,127.00614628
62.5000,0.0000,33.000,37.56727198,127.00650001
93.7500,0.0000,33.000,37.56727198,127.00685373
125.0000,0.0000,33.000,37.56727198,127.00720745
156.2500,0.0000,34.000,37.56727198,127.00756118
187.5000,0.0000,40.000,37.56727198,127.00791490
218.7500,0.0000,46.000,37.56727198,127.00826862
250.0000,0.0000,44.000,37.56727198,127.00862234
-250.0000,31.2500,27.000,37.56755354,127.00296278
-218.7500,31.2500,28.000,37.56755354,127.00331650
-187.5000,31.2500,30.000,37.56755354,127.00367023
-156.2500,31.2500,31.000,37.56755354,127.00402395
-125.0000,31.2500,31.000,37.56755354,127.00437767
-93.7500,31.2500,30.000,37.56755354,127.00473139
-62.5000,31.2500,27.000,37.56755354,127.00508512
-31.2500,31.2500,30.000,37.56755354,127.00543884
0.0000,31.2500,34.000,37.56755354,127.00579256
31.2500,31.2500,33.000,37.56755354,127.00614628
62.5000,31.2500,34.000,37.56755354,127.00650001
93.7500,31.2500,34.000,37.56755354,127.00685373
125.0000,31.2500,36.000,37.56755354,127.00720745
156.2500,31.2500,39.000,37.56755354,127.00756118
187.5000,31.2500,53.000,37.56755354,127.00791490
218.7500,31.2500,68.000,37.56755354,127.00826862
250.0000,31.2500,62.000,37.56755354,127.00862234
-250.0000,62.5000,25.000,37.56783511,127.00296278
-218.7500,62.5000,26.000,37.56783511,127.00331650
-187.5000,62.5000,28.000,37.56783511,127.00367023
-156.2500,62.5000,30.000,37.56783511,127.00402395
-125.0000,62.5000,32.000,37.56783511,127.00437767
-93.7500,62.5000,29.000,37.56783511,127.00473139
-62.5000,62.5000,27.000,37.56783511,127.00508512
-31.2500,62.5000,28.000,37.56783511,127.00543884
0.0000,62.5000,32.000,37.56783511,127.00579256
31.2500,62.5000,33.000,37.56783511,127.00614628
62.5000,62.5000,34.000,37.56783511,127.00650001
93.7500,62.5000,33.000,37.56783511,127.00685373
125.0000,62.5000,35.000,37.56783511,127.00720745
156.2500,62.5000,44.000,37.56783511,127.00756118
187.5000,62.5000,64.000,37.56783511,127.00791490
218.7500,62.5000,81.000,37.56783511,127.00826862
250.0000,62.5000,76.000,37.56783511,127.00862234
-250.0000,93.7500,24.000,37.56811667,127.00296278
-218.7500,93.7500,24.000,37.56811667,127.00331650
-187.5000,93.7500,25.000,37.56811667,127.00367023
-156.2500,93.7500,27.000,37.56811667,127.00402395
-125.0000,93.7500,29.000,37.56811667,127.00437767
-93.7500,93.7500,29.000,37.56811667,127.00473139
-62.5000,93.7500,29.000,37.56811667,127.00508512
-31.2500,93.7500,29.000,37.56811667,127.00543884
0.0000,93.7500,31.000,37.56811667,127.00579256
31.2500,93.7500,34.000,37.56811667,127.00614628
62.5000,93.7500,33.000,37.56811667,127.00650001
93.7500,93.7500,33.000,37.56811667,127.00685373
125.0000,93.7500,39.000,37.56811667,127.00720745
156.2500,93.7500,49.000,37.56811667,127.00756118
187.5000,93.7500,64.000,37.56811667,127.00791490
218.7500,93.7500,77.000,37.56811667,127.00826862
250.0000,93.7500,75.000,37.56811667,127.00862234
-250.0000,125.0000,24.000,37.56839823,127.00296278
-218.7500,125.0000,23.000,37.56839823,127.00331650
-187.5000,125.0000,24.000,37.56839823,127.00367023
-156.2500,125.0000,25.000,37.56839823,127.00402395
-125.0000,125.0000,26.000,37.56839823,127.00437767
-93.7500,125.0000,29.000,37.56839823,127.00473139
-62.5000,125.0000,30.000,37.56839823,127.00508512
-31.2500,125.0000,31.000,37.56839823,127.00543884
0.0000,125.0000,34.000,37.56839823,127.00579256
31.2500,125.0000,35.000,37.56839823,127.00614628
62.5000,125.0000,34.000,37.56839823,127.00650001
93.7500,125.0000,35.000,37.56839823,127.00685373
125.0000,125.0000,41.000,37.56839823,127.00720745
156.2500,125.0000,49.000,37.56839823,127.00756118
187.5000,125.0000,59.000,37.56839823,127.00791490
218.7500,125.0000,73.000,37.56839823,127.00826862
250.0000,125.0000,74.000,37.56839823,127.00862234
-250.0000,156.2500,26.000,37.56867979,127.00296278
-218.7500,156.2500,25.000,37.56867979,127.00331650
-187.5000,156.2500,25.000,37.56867979,127.00367023
-156.2500,156.2500,26.000,37.56867979,127.00402395
-125.0000,156.2500,27.000,37.56867979,127.00437767
-93.7500,156.2500,29.000,37.56867979,127.00473139
-62.5000,156.2500,29.000,37.56867979,127.00508512
-31.2500,156.2500,30.000,37.56867979,127.00543884
0.0000,156.2500,35.000,37.56867979,127.00579256
31.2500,156.2500,35.000,37.56867979,127.00614628
62.5000,156.2500,35.000,37.56867979,127.00650001
93.7500,156.2500,38.000,37.56867979,127.00685373
125.0000,156.2500,39.000,37.56867979,127.00720745
156.2500,156.2500,44.000,37.56867979,127.00756118
187.5000,156.2500,49.000,37.56867979,127.00791490
218.7500,156.2500,67.000,37.56867979,127.00826862
250.0000,156.2500,66.000,37.56867979,127.00862234
-250.0000,187.5000,27.000,37.56896135,127.00296278
-218.7500,187.5000,27.000,37.56896135,127.00331650
-187.5000,187.5000,26.000,37.56896135,127.00367023
-156.2500,187.5000,27.000,37.56896135,127.00402395
-125.0000,187.5000,29.000,37.56896135,127.00437767
-93.7500,187.5000,31.000,37.56896135,127.00473139
-62.5000,187.5000,30.000,37.56896135,127.00508512
-31.2500,187.5000,30.000,37.56896135,127.00543884
0.0000,187.5000,34.000,37.56896135,127.00579256
31.2500,187.5000,37.000,37.56896135,127.00614628
62.5000,187.5000,38.000,37.56896135,127.00650001
93.7500,187.5000,40.000,37.56896135,127.00685373
125.0000,187.5000,39.000,37.56896135,127.00720745
156.2500,187.5000,35.000,37.56896135,127.00756118
187.5000,187.5000,35.000,37.56896135,127.00791490
218.7500,187.5000,37.000,37.56896135,127.00826862
250.0000,187.5000,56.000,37.56896135,127.00862234
-250.0000,218.7500,28.000,37.56924291,127.00296278
-218.7500,218.7500,29.000,37.56924291,127.00331650
-187.5000,218.7500,28.000,37.56924291,127.00367023
-156.2500,218.7500,28.000,37.56924291,127.00402395
-125.0000,218.7500,30.000,37.56924291,127.00437767
-93.7500,218.7500,32.000,37.56924291,127.00473139
-62.5000,218.7500,34.000,37.56924291,127.00508512
-31.2500,218.7500,32.000,37.56924291,127.00543884
0.0000,218.7500,34.000,37.56924291,127.00579256
31.2500,218.7500,35.000,37.56924291,127.00614628
62.5000,218.7500,38.000,37.56924291,127.00650001
93.7500,218.7500,38.000,37.56924291,127.00685373
125.0000,218.7500,37.000,37.56924291,127.00720745
156.2500,218.7500,31.000,37.56924291,127.00756118
187.5000,218.7500,29.000,37.56924291,127.00791490
218.7500,218.7500,35.000,37.56924291,127.00826862
250.0000,218.7500,44.000,37.56924291,127.00862234
-250.0000,250.0000,28.000,37.56952447,127.00296278
-218.7500,250.0000,29.000,37.56952447,127.00331650
-187.5000,250.0000,29.000,37.56952447,127.00367023
-156.2500,250.0000,29.000,37.56952447,127.00402395
-125.0000,250.0000,31.000,37.56952447,127.00437767
-93.7500,250.0000,34.000,37.56952447,127.00473139
-62.5000,250.0000,34.000,37.56952447,127.00508512
-31.2500,250.0000,33.000,37.56952447,127.00543884
0.0000,250.0000,32.000,37.56952447,127.00579256
31.2500,250.0000,33.000,37.56952447,127.00614628
62.5000,250.0000,35.000,37.56952447,127.00650001
93.7500,250.0000,37.000,37.56952447,127.00685373
125.0000,250.0000,35.000,37.56952447,127.00720745
156.2500,250.0000,32.000,37.56952447,127.00756118
187.5000,250.0000,30.000,37.56952447,127.00791490
218.7500,250.0000,32.000,37.56952447,127.00826862
250.0000,250.0000,31.000,37.56952447,127.00862234
